TenantId,AdditionalFields,ClientVersion,DeviceId,DeviceName,DeviceObjectId,IsAzureADJoined,LoggedOnUsers,MachineGroup,OSArchitecture,OSBuild,OSPlatform,OSVersion,PublicIP,RegistryDeviceTag,ReportId,TimeGenerated,Timestamp,AadDeviceId,DeviceCategory,DeviceSubtype,DeviceType,JoinType,MergedDeviceIds,MergedToDeviceId,Model,OnboardingStatus,OSDistribution,OSVersionInfo,Vendor,SensorHealthState,IsExcluded,ExclusionReason,AssetValue,ExposureLevel,IsInternetFacing,DeviceManualTags,DeviceDynamicTags,AzureResourceId,AwsResourceName,GcpFullResourceName,AzureVmId,AzureVmSubscriptionId,CloudPlatforms,HardwareUuid,HostDeviceId,IsTransient,MitigationStatus,OsBuildRevision,Type
tenant-lab-001-a000-0000-0000-000000000001,"{""LastFullScan"":""2026-05-27T22:00:00Z""}",10.8240.28500.1000,dev-01982-a1b2-c3d4-e5f6-7890abcd0198,CS-DEV-01982,obj-dev-01982-a1b2-c3d4-e5f6-7890abcd0198,1,"[{""UserName"":""jordan.velez"",""DomainName"":""creditsafe.com""}]",Engineering-Developers,64-bit,22631,Windows11,23H2,198.18.0.10,tag-dev-primary,8829100000000,2026-05-28T06:00:00Z,2026-05-28T06:00:00Z,aad-dev-01982-1111-2222-3333-444455556666,Endpoint,Workstation,Workstation,AAD,,,Latitude 7440,Onboarded,Windows,10.0.22631,Dell,Active,0,,High,Medium,0,DevMachine;AI-Tooling-ApprovedWithReview,MachineGroup:Engineering,,,,,,,hw-dev-01982-a1b2-c3d4-e5f6-7890abcd0198,,0,"{""AntivirusMode"":""Active"",""EDR"":""Enabled"",""NetworkProtection"":""BlockMode""}",22631.3527,DeviceInfo
tenant-lab-001-a000-0000-0000-000000000001,"{""LastFullScan"":""2026-05-27T22:00:00Z""}",10.8240.28500.1000,dev-01407-b2c3-d4e5-f6a7-8901abcd1407,CS-DEV-01407,obj-dev-01407-b2c3-d4e5-f6a7-8901abcd1407,1,"[{""UserName"":""morgan.kim"",""DomainName"":""creditsafe.com""}]",Engineering-Developers,64-bit,22631,Windows11,23H2,198.18.0.20,tag-dev-primary,8829100000001,2026-05-28T06:00:00Z,2026-05-28T06:00:00Z,aad-dev-01407-aaaa-bbbb-cccc-dddddddd1407,Endpoint,Workstation,Workstation,AAD,,,Latitude 7440,Onboarded,Windows,10.0.22631,Dell,Active,0,,Normal,Low,0,DevMachine;AI-Tooling-ApprovedWithReview,MachineGroup:Engineering,,,,,,,hw-dev-01407-b2c3-d4e5-f6a7-8901abcd1407,,0,"{""AntivirusMode"":""Active"",""EDR"":""Enabled"",""NetworkProtection"":""BlockMode""}",22631.3527,DeviceInfo
tenant-lab-001-a000-0000-0000-000000000001,"{""LastFullScan"":""2026-05-27T22:00:00Z""}",10.8240.28500.1000,dev-04421-c3d4-e5f6-a7b8-9012cdef4421,CS-LT-04421,obj-dev-04421-c3d4-e5f6-a7b8-9012cdef4421,1,"[{""UserName"":""alex.park"",""DomainName"":""creditsafe.com""}]",Corporate-Standard,64-bit,22631,Windows11,23H2,198.18.0.20,tag-dev-primary,8829100000002,2026-05-28T06:00:00Z,2026-05-28T06:00:00Z,aad-lt-04421-eeee-ffff-0000-111122223333,Endpoint,Workstation,Workstation,AAD,,,Latitude 7440,Onboarded,Windows,10.0.22631,Dell,Active,0,,Normal,Low,0,DevMachine;AI-Tooling-ApprovedWithReview,MachineGroup:Engineering,,,,,,,hw-dev-04421-c3d4-e5f6-a7b8-9012cdef4421,,0,"{""AntivirusMode"":""Active"",""EDR"":""Enabled"",""NetworkProtection"":""BlockMode""}",22631.3527,DeviceInfo
tenant-lab-001-a000-0000-0000-000000000001,"{""LastFullScan"":""2026-05-27T22:00:00Z""}",10.8240.28500.1000,dev-noise-0000,CS-LT-0000,obj-dev-noise-0000,1,"[{""UserName"":""user0"",""DomainName"":""creditsafe.com""}]",Corporate-Standard,64-bit,22631,Windows11,23H2,198.18.0.20,tag-dev-primary,8829100000003,2026-05-28T06:00:00Z,2026-05-28T06:00:00Z,aad-noise-0000,Endpoint,Workstation,Workstation,AAD,,,Latitude 7440,Onboarded,Windows,10.0.22631,Dell,Active,0,,Normal,Low,0,DevMachine;AI-Tooling-ApprovedWithReview,MachineGroup:Engineering,,,,,,,hw-dev-noise-0000,,0,"{""AntivirusMode"":""Active"",""EDR"":""Enabled"",""NetworkProtection"":""BlockMode""}",22631.3527,DeviceInfo
tenant-lab-001-a000-0000-0000-000000000001,"{""LastFullScan"":""2026-05-27T22:00:00Z""}",10.8240.28500.1000,dev-noise-0001,CS-LT-0001,obj-dev-noise-0001,1,"[{""UserName"":""user1"",""DomainName"":""creditsafe.com""}]",Corporate-Standard,64-bit,22631,Windows11,23H2,198.18.0.20,tag-dev-primary,8829100000004,2026-05-28T06:00:00Z,2026-05-28T06:00:00Z,aad-noise-0001,Endpoint,Workstation,Workstation,AAD,,,Latitude 7440,Onboarded,Windows,10.0.22631,Dell,Active,0,,Normal,Low,0,DevMachine;AI-Tooling-ApprovedWithReview,MachineGroup:Engineering,,,,,,,hw-dev-noise-0001,,0,"{""AntivirusMode"":""Active"",""EDR"":""Enabled"",""NetworkProtection"":""BlockMode""}",22631.3527,DeviceInfo
tenant-lab-001-a000-0000-0000-000000000001,"{""LastFullScan"":""2026-05-27T22:00:00Z""}",10.8240.28500.1000,dev-noise-0002,CS-LT-0002,obj-dev-noise-0002,1,"[{""UserName"":""user2"",""DomainName"":""creditsafe.com""}]",Corporate-Standard,64-bit,22631,Windows11,23H2,198.18.0.20,tag-dev-primary,8829100000005,2026-05-28T06:00:00Z,2026-05-28T06:00:00Z,aad-noise-0002,Endpoint,Workstation,Workstation,AAD,,,Latitude 7440,Onboarded,Windows,10.0.22631,Dell,Active,0,,Normal,Low,0,DevMachine;AI-Tooling-ApprovedWithReview,MachineGroup:Engineering,,,,,,,hw-dev-noise-0002,,0,"{""AntivirusMode"":""Active"",""EDR"":""Enabled"",""NetworkProtection"":""BlockMode""}",22631.3527,DeviceInfo
tenant-lab-001-a000-0000-0000-000000000001,"{""LastFullScan"":""2026-05-27T22:00:00Z""}",10.8240.28500.1000,dev-noise-0003,CS-LT-0003,obj-dev-noise-0003,1,"[{""UserName"":""user3"",""DomainName"":""creditsafe.com""}]",Corporate-Standard,64-bit,22631,Windows11,23H2,198.18.0.20,tag-dev-primary,8829100000006,2026-05-28T06:00:00Z,2026-05-28T06:00:00Z,aad-noise-0003,Endpoint,Workstation,Workstation,AAD,,,Latitude 7440,Onboarded,Windows,10.0.22631,Dell,Active,0,,Normal,Low,0,DevMachine;AI-Tooling-ApprovedWithReview,MachineGroup:Engineering,,,,,,,hw-dev-noise-0003,,0,"{""AntivirusMode"":""Active"",""EDR"":""Enabled"",""NetworkProtection"":""BlockMode""}",22631.3527,DeviceInfo
tenant-lab-001-a000-0000-0000-000000000001,"{""LastFullScan"":""2026-05-27T22:00:00Z""}",10.8240.28500.1000,dev-noise-0004,CS-LT-0004,obj-dev-noise-0004,1,"[{""UserName"":""user4"",""DomainName"":""creditsafe.com""}]",Corporate-Standard,64-bit,22631,Windows11,23H2,198.18.0.20,tag-dev-primary,8829100000007,2026-05-28T06:00:00Z,2026-05-28T06:00:00Z,aad-noise-0004,Endpoint,Workstation,Workstation,AAD,,,Latitude 7440,Onboarded,Windows,10.0.22631,Dell,Active,0,,Normal,Low,0,DevMachine;AI-Tooling-ApprovedWithReview,MachineGroup:Engineering,,,,,,,hw-dev-noise-0004,,0,"{""AntivirusMode"":""Active"",""EDR"":""Enabled"",""NetworkProtection"":""BlockMode""}",22631.3527,DeviceInfo
tenant-lab-001-a000-0000-0000-000000000001,"{""LastFullScan"":""2026-05-27T22:00:00Z""}",10.8240.28500.1000,dev-noise-0005,CS-LT-0005,obj-dev-noise-0005,1,"[{""UserName"":""user5"",""DomainName"":""creditsafe.com""}]",Corporate-Standard,64-bit,22631,Windows11,23H2,198.18.0.20,tag-dev-primary,8829100000008,2026-05-28T06:00:00Z,2026-05-28T06:00:00Z,aad-noise-0005,Endpoint,Workstation,Workstation,AAD,,,Latitude 7440,Onboarded,Windows,10.0.22631,Dell,Active,0,,Normal,Low,0,DevMachine;AI-Tooling-ApprovedWithReview,MachineGroup:Engineering,,,,,,,hw-dev-noise-0005,,0,"{""AntivirusMode"":""Active"",""EDR"":""Enabled"",""NetworkProtection"":""BlockMode""}",22631.3527,DeviceInfo
tenant-lab-001-a000-0000-0000-000000000001,"{""LastFullScan"":""2026-05-27T22:00:00Z""}",10.8240.28500.1000,dev-noise-0006,CS-LT-0006,obj-dev-noise-0006,1,"[{""UserName"":""user6"",""DomainName"":""creditsafe.com""}]",Corporate-Standard,64-bit,22631,Windows11,23H2,198.18.0.20,tag-dev-primary,8829100000009,2026-05-28T06:00:00Z,2026-05-28T06:00:00Z,aad-noise-0006,Endpoint,Workstation,Workstation,AAD,,,Latitude 7440,Onboarded,Windows,10.0.22631,Dell,Active,0,,Normal,Low,0,DevMachine;AI-Tooling-ApprovedWithReview,MachineGroup:Engineering,,,,,,,hw-dev-noise-0006,,0,"{""AntivirusMode"":""Active"",""EDR"":""Enabled"",""NetworkProtection"":""BlockMode""}",22631.3527,DeviceInfo
tenant-lab-001-a000-0000-0000-000000000001,"{""LastFullScan"":""2026-05-27T22:00:00Z""}",10.8240.28500.1000,dev-noise-0007,CS-LT-0007,obj-dev-noise-0007,1,"[{""UserName"":""user7"",""DomainName"":""creditsafe.com""}]",Corporate-Standard,64-bit,22631,Windows11,23H2,198.18.0.20,tag-dev-primary,8829100000010,2026-05-28T06:00:00Z,2026-05-28T06:00:00Z,aad-noise-0007,Endpoint,Workstation,Workstation,AAD,,,Latitude 7440,Onboarded,Windows,10.0.22631,Dell,Active,0,,Normal,Low,0,DevMachine;AI-Tooling-ApprovedWithReview,MachineGroup:Engineering,,,,,,,hw-dev-noise-0007,,0,"{""AntivirusMode"":""Active"",""EDR"":""Enabled"",""NetworkProtection"":""BlockMode""}",22631.3527,DeviceInfo
tenant-lab-001-a000-0000-0000-000000000001,"{""LastFullScan"":""2026-05-27T22:00:00Z""}",10.8240.28500.1000,dev-noise-0008,CS-LT-0008,obj-dev-noise-0008,1,"[{""UserName"":""user8"",""DomainName"":""creditsafe.com""}]",Corporate-Standard,64-bit,22631,Windows11,23H2,198.18.0.20,tag-dev-primary,8829100000011,2026-05-28T06:00:00Z,2026-05-28T06:00:00Z,aad-noise-0008,Endpoint,Workstation,Workstation,AAD,,,Latitude 7440,Onboarded,Windows,10.0.22631,Dell,Active,0,,Normal,Low,0,DevMachine;AI-Tooling-ApprovedWithReview,MachineGroup:Engineering,,,,,,,hw-dev-noise-0008,,0,"{""AntivirusMode"":""Active"",""EDR"":""Enabled"",""NetworkProtection"":""BlockMode""}",22631.3527,DeviceInfo
tenant-lab-001-a000-0000-0000-000000000001,"{""LastFullScan"":""2026-05-27T22:00:00Z""}",10.8240.28500.1000,dev-noise-0009,CS-LT-0009,obj-dev-noise-0009,1,"[{""UserName"":""user9"",""DomainName"":""creditsafe.com""}]",Corporate-Standard,64-bit,22631,Windows11,23H2,198.18.0.20,tag-dev-primary,8829100000012,2026-05-28T06:00:00Z,2026-05-28T06:00:00Z,aad-noise-0009,Endpoint,Workstation,Workstation,AAD,,,Latitude 7440,Onboarded,Windows,10.0.22631,Dell,Active,0,,Normal,Low,0,DevMachine;AI-Tooling-ApprovedWithReview,MachineGroup:Engineering,,,,,,,hw-dev-noise-0009,,0,"{""AntivirusMode"":""Active"",""EDR"":""Enabled"",""NetworkProtection"":""BlockMode""}",22631.3527,DeviceInfo
tenant-lab-001-a000-0000-0000-000000000001,"{""LastFullScan"":""2026-05-27T22:00:00Z""}",10.8240.28500.1000,dev-noise-0010,CS-LT-0010,obj-dev-noise-0010,1,"[{""UserName"":""user10"",""DomainName"":""creditsafe.com""}]",Corporate-Standard,64-bit,22631,Windows11,23H2,198.18.0.20,tag-dev-primary,8829100000013,2026-05-28T06:00:00Z,2026-05-28T06:00:00Z,aad-noise-0010,Endpoint,Workstation,Workstation,AAD,,,Latitude 7440,Onboarded,Windows,10.0.22631,Dell,Active,0,,Normal,Low,0,DevMachine;AI-Tooling-ApprovedWithReview,MachineGroup:Engineering,,,,,,,hw-dev-noise-0010,,0,"{""AntivirusMode"":""Active"",""EDR"":""Enabled"",""NetworkProtection"":""BlockMode""}",22631.3527,DeviceInfo
tenant-lab-001-a000-0000-0000-000000000001,"{""LastFullScan"":""2026-05-27T22:00:00Z""}",10.8240.28500.1000,dev-noise-0011,CS-LT-0011,obj-dev-noise-0011,1,"[{""UserName"":""user11"",""DomainName"":""creditsafe.com""}]",Corporate-Standard,64-bit,22631,Windows11,23H2,198.18.0.20,tag-dev-primary,8829100000014,2026-05-28T06:00:00Z,2026-05-28T06:00:00Z,aad-noise-0011,Endpoint,Workstation,Workstation,AAD,,,Latitude 7440,Onboarded,Windows,10.0.22631,Dell,Active,0,,Normal,Low,0,DevMachine;AI-Tooling-ApprovedWithReview,MachineGroup:Engineering,,,,,,,hw-dev-noise-0011,,0,"{""AntivirusMode"":""Active"",""EDR"":""Enabled"",""NetworkProtection"":""BlockMode""}",22631.3527,DeviceInfo
tenant-lab-001-a000-0000-0000-000000000001,"{""LastFullScan"":""2026-05-27T22:00:00Z""}",10.8240.28500.1000,dev-noise-0012,CS-LT-0012,obj-dev-noise-0012,1,"[{""UserName"":""user12"",""DomainName"":""creditsafe.com""}]",Corporate-Standard,64-bit,22631,Windows11,23H2,198.18.0.20,tag-dev-primary,8829100000015,2026-05-28T06:00:00Z,2026-05-28T06:00:00Z,aad-noise-0012,Endpoint,Workstation,Workstation,AAD,,,Latitude 7440,Onboarded,Windows,10.0.22631,Dell,Active,0,,Normal,Low,0,DevMachine;AI-Tooling-ApprovedWithReview,MachineGroup:Engineering,,,,,,,hw-dev-noise-0012,,0,"{""AntivirusMode"":""Active"",""EDR"":""Enabled"",""NetworkProtection"":""BlockMode""}",22631.3527,DeviceInfo
tenant-lab-001-a000-0000-0000-000000000001,"{""LastFullScan"":""2026-05-27T22:00:00Z""}",10.8240.28500.1000,dev-noise-0013,CS-LT-0013,obj-dev-noise-0013,1,"[{""UserName"":""user13"",""DomainName"":""creditsafe.com""}]",Corporate-Standard,64-bit,22631,Windows11,23H2,198.18.0.20,tag-dev-primary,8829100000016,2026-05-28T06:00:00Z,2026-05-28T06:00:00Z,aad-noise-0013,Endpoint,Workstation,Workstation,AAD,,,Latitude 7440,Onboarded,Windows,10.0.22631,Dell,Active,0,,Normal,Low,0,DevMachine;AI-Tooling-ApprovedWithReview,MachineGroup:Engineering,,,,,,,hw-dev-noise-0013,,0,"{""AntivirusMode"":""Active"",""EDR"":""Enabled"",""NetworkProtection"":""BlockMode""}",22631.3527,DeviceInfo
tenant-lab-001-a000-0000-0000-000000000001,"{""LastFullScan"":""2026-05-27T22:00:00Z""}",10.8240.28500.1000,dev-noise-0014,CS-LT-0014,obj-dev-noise-0014,1,"[{""UserName"":""user14"",""DomainName"":""creditsafe.com""}]",Corporate-Standard,64-bit,22631,Windows11,23H2,198.18.0.20,tag-dev-primary,8829100000017,2026-05-28T06:00:00Z,2026-05-28T06:00:00Z,aad-noise-0014,Endpoint,Workstation,Workstation,AAD,,,Latitude 7440,Onboarded,Windows,10.0.22631,Dell,Active,0,,Normal,Low,0,DevMachine;AI-Tooling-ApprovedWithReview,MachineGroup:Engineering,,,,,,,hw-dev-noise-0014,,0,"{""AntivirusMode"":""Active"",""EDR"":""Enabled"",""NetworkProtection"":""BlockMode""}",22631.3527,DeviceInfo
tenant-lab-001-a000-0000-0000-000000000001,"{""LastFullScan"":""2026-05-27T22:00:00Z""}",10.8240.28500.1000,dev-noise-0015,CS-LT-0015,obj-dev-noise-0015,1,"[{""UserName"":""user15"",""DomainName"":""creditsafe.com""}]",Corporate-Standard,64-bit,22631,Windows11,23H2,198.18.0.20,tag-dev-primary,8829100000018,2026-05-28T06:00:00Z,2026-05-28T06:00:00Z,aad-noise-0015,Endpoint,Workstation,Workstation,AAD,,,Latitude 7440,Onboarded,Windows,10.0.22631,Dell,Active,0,,Normal,Low,0,DevMachine;AI-Tooling-ApprovedWithReview,MachineGroup:Engineering,,,,,,,hw-dev-noise-0015,,0,"{""AntivirusMode"":""Active"",""EDR"":""Enabled"",""NetworkProtection"":""BlockMode""}",22631.3527,DeviceInfo
tenant-lab-001-a000-0000-0000-000000000001,"{""LastFullScan"":""2026-05-27T22:00:00Z""}",10.8240.28500.1000,dev-noise-0016,CS-LT-0016,obj-dev-noise-0016,1,"[{""UserName"":""user16"",""DomainName"":""creditsafe.com""}]",Corporate-Standard,64-bit,22631,Windows11,23H2,198.18.0.20,tag-dev-primary,8829100000019,2026-05-28T06:00:00Z,2026-05-28T06:00:00Z,aad-noise-0016,Endpoint,Workstation,Workstation,AAD,,,Latitude 7440,Onboarded,Windows,10.0.22631,Dell,Active,0,,Normal,Low,0,DevMachine;AI-Tooling-ApprovedWithReview,MachineGroup:Engineering,,,,,,,hw-dev-noise-0016,,0,"{""AntivirusMode"":""Active"",""EDR"":""Enabled"",""NetworkProtection"":""BlockMode""}",22631.3527,DeviceInfo
tenant-lab-001-a000-0000-0000-000000000001,"{""LastFullScan"":""2026-05-27T22:00:00Z""}",10.8240.28500.1000,dev-noise-0017,CS-LT-0017,obj-dev-noise-0017,1,"[{""UserName"":""user17"",""DomainName"":""creditsafe.com""}]",Corporate-Standard,64-bit,22631,Windows11,23H2,198.18.0.20,tag-dev-primary,8829100000020,2026-05-28T06:00:00Z,2026-05-28T06:00:00Z,aad-noise-0017,Endpoint,Workstation,Workstation,AAD,,,Latitude 7440,Onboarded,Windows,10.0.22631,Dell,Active,0,,Normal,Low,0,DevMachine;AI-Tooling-ApprovedWithReview,MachineGroup:Engineering,,,,,,,hw-dev-noise-0017,,0,"{""AntivirusMode"":""Active"",""EDR"":""Enabled"",""NetworkProtection"":""BlockMode""}",22631.3527,DeviceInfo
tenant-lab-001-a000-0000-0000-000000000001,"{""LastFullScan"":""2026-05-27T22:00:00Z""}",10.8240.28500.1000,dev-noise-0018,CS-LT-0018,obj-dev-noise-0018,1,"[{""UserName"":""user18"",""DomainName"":""creditsafe.com""}]",Corporate-Standard,64-bit,22631,Windows11,23H2,198.18.0.20,tag-dev-primary,8829100000021,2026-05-28T06:00:00Z,2026-05-28T06:00:00Z,aad-noise-0018,Endpoint,Workstation,Workstation,AAD,,,Latitude 7440,Onboarded,Windows,10.0.22631,Dell,Active,0,,Normal,Low,0,DevMachine;AI-Tooling-ApprovedWithReview,MachineGroup:Engineering,,,,,,,hw-dev-noise-0018,,0,"{""AntivirusMode"":""Active"",""EDR"":""Enabled"",""NetworkProtection"":""BlockMode""}",22631.3527,DeviceInfo
tenant-lab-001-a000-0000-0000-000000000001,"{""LastFullScan"":""2026-05-27T22:00:00Z""}",10.8240.28500.1000,dev-noise-0019,CS-LT-0019,obj-dev-noise-0019,1,"[{""UserName"":""user19"",""DomainName"":""creditsafe.com""}]",Corporate-Standard,64-bit,22631,Windows11,23H2,198.18.0.20,tag-dev-primary,8829100000022,2026-05-28T06:00:00Z,2026-05-28T06:00:00Z,aad-noise-0019,Endpoint,Workstation,Workstation,AAD,,,Latitude 7440,Onboarded,Windows,10.0.22631,Dell,Active,0,,Normal,Low,0,DevMachine;AI-Tooling-ApprovedWithReview,MachineGroup:Engineering,,,,,,,hw-dev-noise-0019,,0,"{""AntivirusMode"":""Active"",""EDR"":""Enabled"",""NetworkProtection"":""BlockMode""}",22631.3527,DeviceInfo
tenant-lab-001-a000-0000-0000-000000000001,"{""LastFullScan"":""2026-05-27T22:00:00Z""}",10.8240.28500.1000,dev-noise-0020,CS-LT-0020,obj-dev-noise-0020,1,"[{""UserName"":""user20"",""DomainName"":""creditsafe.com""}]",Corporate-Standard,64-bit,22631,Windows11,23H2,198.18.0.20,tag-dev-primary,8829100000023,2026-05-28T06:00:00Z,2026-05-28T06:00:00Z,aad-noise-0020,Endpoint,Workstation,Workstation,AAD,,,Latitude 7440,Onboarded,Windows,10.0.22631,Dell,Active,0,,Normal,Low,0,DevMachine;AI-Tooling-ApprovedWithReview,MachineGroup:Engineering,,,,,,,hw-dev-noise-0020,,0,"{""AntivirusMode"":""Active"",""EDR"":""Enabled"",""NetworkProtection"":""BlockMode""}",22631.3527,DeviceInfo
tenant-lab-001-a000-0000-0000-000000000001,"{""LastFullScan"":""2026-05-27T22:00:00Z""}",10.8240.28500.1000,dev-noise-0021,CS-LT-0021,obj-dev-noise-0021,1,"[{""UserName"":""user21"",""DomainName"":""creditsafe.com""}]",Corporate-Standard,64-bit,22631,Windows11,23H2,198.18.0.20,tag-dev-primary,8829100000024,2026-05-28T06:00:00Z,2026-05-28T06:00:00Z,aad-noise-0021,Endpoint,Workstation,Workstation,AAD,,,Latitude 7440,Onboarded,Windows,10.0.22631,Dell,Active,0,,Normal,Low,0,DevMachine;AI-Tooling-ApprovedWithReview,MachineGroup:Engineering,,,,,,,hw-dev-noise-0021,,0,"{""AntivirusMode"":""Active"",""EDR"":""Enabled"",""NetworkProtection"":""BlockMode""}",22631.3527,DeviceInfo
tenant-lab-001-a000-0000-0000-000000000001,"{""LastFullScan"":""2026-05-27T22:00:00Z""}",10.8240.28500.1000,dev-noise-0022,CS-LT-0022,obj-dev-noise-0022,1,"[{""UserName"":""user22"",""DomainName"":""creditsafe.com""}]",Corporate-Standard,64-bit,22631,Windows11,23H2,198.18.0.20,tag-dev-primary,8829100000025,2026-05-28T06:00:00Z,2026-05-28T06:00:00Z,aad-noise-0022,Endpoint,Workstation,Workstation,AAD,,,Latitude 7440,Onboarded,Windows,10.0.22631,Dell,Active,0,,Normal,Low,0,DevMachine;AI-Tooling-ApprovedWithReview,MachineGroup:Engineering,,,,,,,hw-dev-noise-0022,,0,"{""AntivirusMode"":""Active"",""EDR"":""Enabled"",""NetworkProtection"":""BlockMode""}",22631.3527,DeviceInfo
tenant-lab-001-a000-0000-0000-000000000001,"{""LastFullScan"":""2026-05-27T22:00:00Z""}",10.8240.28500.1000,dev-noise-0023,CS-LT-0023,obj-dev-noise-0023,1,"[{""UserName"":""user23"",""DomainName"":""creditsafe.com""}]",Corporate-Standard,64-bit,22631,Windows11,23H2,198.18.0.20,tag-dev-primary,8829100000026,2026-05-28T06:00:00Z,2026-05-28T06:00:00Z,aad-noise-0023,Endpoint,Workstation,Workstation,AAD,,,Latitude 7440,Onboarded,Windows,10.0.22631,Dell,Active,0,,Normal,Low,0,DevMachine;AI-Tooling-ApprovedWithReview,MachineGroup:Engineering,,,,,,,hw-dev-noise-0023,,0,"{""AntivirusMode"":""Active"",""EDR"":""Enabled"",""NetworkProtection"":""BlockMode""}",22631.3527,DeviceInfo
tenant-lab-001-a000-0000-0000-000000000001,"{""LastFullScan"":""2026-05-27T22:00:00Z""}",10.8240.28500.1000,dev-noise-0024,CS-LT-0024,obj-dev-noise-0024,1,"[{""UserName"":""user24"",""DomainName"":""creditsafe.com""}]",Corporate-Standard,64-bit,22631,Windows11,23H2,198.18.0.20,tag-dev-primary,8829100000027,2026-05-28T06:00:00Z,2026-05-28T06:00:00Z,aad-noise-0024,Endpoint,Workstation,Workstation,AAD,,,Latitude 7440,Onboarded,Windows,10.0.22631,Dell,Active,0,,Normal,Low,0,DevMachine;AI-Tooling-ApprovedWithReview,MachineGroup:Engineering,,,,,,,hw-dev-noise-0024,,0,"{""AntivirusMode"":""Active"",""EDR"":""Enabled"",""NetworkProtection"":""BlockMode""}",22631.3527,DeviceInfo
tenant-lab-001-a000-0000-0000-000000000001,"{""LastFullScan"":""2026-05-27T22:00:00Z""}",10.8240.28500.1000,dev-noise-0025,CS-LT-0025,obj-dev-noise-0025,1,"[{""UserName"":""user25"",""DomainName"":""creditsafe.com""}]",Corporate-Standard,64-bit,22631,Windows11,23H2,198.18.0.20,tag-dev-primary,8829100000028,2026-05-28T06:00:00Z,2026-05-28T06:00:00Z,aad-noise-0025,Endpoint,Workstation,Workstation,AAD,,,Latitude 7440,Onboarded,Windows,10.0.22631,Dell,Active,0,,Normal,Low,0,DevMachine;AI-Tooling-ApprovedWithReview,MachineGroup:Engineering,,,,,,,hw-dev-noise-0025,,0,"{""AntivirusMode"":""Active"",""EDR"":""Enabled"",""NetworkProtection"":""BlockMode""}",22631.3527,DeviceInfo
tenant-lab-001-a000-0000-0000-000000000001,"{""LastFullScan"":""2026-05-27T22:00:00Z""}",10.8240.28500.1000,dev-noise-0026,CS-LT-0026,obj-dev-noise-0026,1,"[{""UserName"":""user26"",""DomainName"":""creditsafe.com""}]",Corporate-Standard,64-bit,22631,Windows11,23H2,198.18.0.20,tag-dev-primary,8829100000029,2026-05-28T06:00:00Z,2026-05-28T06:00:00Z,aad-noise-0026,Endpoint,Workstation,Workstation,AAD,,,Latitude 7440,Onboarded,Windows,10.0.22631,Dell,Active,0,,Normal,Low,0,DevMachine;AI-Tooling-ApprovedWithReview,MachineGroup:Engineering,,,,,,,hw-dev-noise-0026,,0,"{""AntivirusMode"":""Active"",""EDR"":""Enabled"",""NetworkProtection"":""BlockMode""}",22631.3527,DeviceInfo
tenant-lab-001-a000-0000-0000-000000000001,"{""LastFullScan"":""2026-05-27T22:00:00Z""}",10.8240.28500.1000,dev-noise-0027,CS-LT-0027,obj-dev-noise-0027,1,"[{""UserName"":""user27"",""DomainName"":""creditsafe.com""}]",Corporate-Standard,64-bit,22631,Windows11,23H2,198.18.0.20,tag-dev-primary,8829100000030,2026-05-28T06:00:00Z,2026-05-28T06:00:00Z,aad-noise-0027,Endpoint,Workstation,Workstation,AAD,,,Latitude 7440,Onboarded,Windows,10.0.22631,Dell,Active,0,,Normal,Low,0,DevMachine;AI-Tooling-ApprovedWithReview,MachineGroup:Engineering,,,,,,,hw-dev-noise-0027,,0,"{""AntivirusMode"":""Active"",""EDR"":""Enabled"",""NetworkProtection"":""BlockMode""}",22631.3527,DeviceInfo
tenant-lab-001-a000-0000-0000-000000000001,"{""LastFullScan"":""2026-05-27T22:00:00Z""}",10.8240.28500.1000,dev-noise-0028,CS-LT-0028,obj-dev-noise-0028,1,"[{""UserName"":""user28"",""DomainName"":""creditsafe.com""}]",Corporate-Standard,64-bit,22631,Windows11,23H2,198.18.0.20,tag-dev-primary,8829100000031,2026-05-28T06:00:00Z,2026-05-28T06:00:00Z,aad-noise-0028,Endpoint,Workstation,Workstation,AAD,,,Latitude 7440,Onboarded,Windows,10.0.22631,Dell,Active,0,,Normal,Low,0,DevMachine;AI-Tooling-ApprovedWithReview,MachineGroup:Engineering,,,,,,,hw-dev-noise-0028,,0,"{""AntivirusMode"":""Active"",""EDR"":""Enabled"",""NetworkProtection"":""BlockMode""}",22631.3527,DeviceInfo
tenant-lab-001-a000-0000-0000-000000000001,"{""LastFullScan"":""2026-05-27T22:00:00Z""}",10.8240.28500.1000,dev-noise-0029,CS-LT-0029,obj-dev-noise-0029,1,"[{""UserName"":""user29"",""DomainName"":""creditsafe.com""}]",Corporate-Standard,64-bit,22631,Windows11,23H2,198.18.0.20,tag-dev-primary,8829100000032,2026-05-28T06:00:00Z,2026-05-28T06:00:00Z,aad-noise-0029,Endpoint,Workstation,Workstation,AAD,,,Latitude 7440,Onboarded,Windows,10.0.22631,Dell,Active,0,,Normal,Low,0,DevMachine;AI-Tooling-ApprovedWithReview,MachineGroup:Engineering,,,,,,,hw-dev-noise-0029,,0,"{""AntivirusMode"":""Active"",""EDR"":""Enabled"",""NetworkProtection"":""BlockMode""}",22631.3527,DeviceInfo
tenant-lab-001-a000-0000-0000-000000000001,"{""LastFullScan"":""2026-05-27T22:00:00Z""}",10.8240.28500.1000,dev-noise-0030,CS-LT-0030,obj-dev-noise-0030,1,"[{""UserName"":""user30"",""DomainName"":""creditsafe.com""}]",Corporate-Standard,64-bit,22631,Windows11,23H2,198.18.0.20,tag-dev-primary,8829100000033,2026-05-28T06:00:00Z,2026-05-28T06:00:00Z,aad-noise-0030,Endpoint,Workstation,Workstation,AAD,,,Latitude 7440,Onboarded,Windows,10.0.22631,Dell,Active,0,,Normal,Low,0,DevMachine;AI-Tooling-ApprovedWithReview,MachineGroup:Engineering,,,,,,,hw-dev-noise-0030,,0,"{""AntivirusMode"":""Active"",""EDR"":""Enabled"",""NetworkProtection"":""BlockMode""}",22631.3527,DeviceInfo
tenant-lab-001-a000-0000-0000-000000000001,"{""LastFullScan"":""2026-05-27T22:00:00Z""}",10.8240.28500.1000,dev-noise-0031,CS-LT-0031,obj-dev-noise-0031,1,"[{""UserName"":""user31"",""DomainName"":""creditsafe.com""}]",Corporate-Standard,64-bit,22631,Windows11,23H2,198.18.0.20,tag-dev-primary,8829100000034,2026-05-28T06:00:00Z,2026-05-28T06:00:00Z,aad-noise-0031,Endpoint,Workstation,Workstation,AAD,,,Latitude 7440,Onboarded,Windows,10.0.22631,Dell,Active,0,,Normal,Low,0,DevMachine;AI-Tooling-ApprovedWithReview,MachineGroup:Engineering,,,,,,,hw-dev-noise-0031,,0,"{""AntivirusMode"":""Active"",""EDR"":""Enabled"",""NetworkProtection"":""BlockMode""}",22631.3527,DeviceInfo
tenant-lab-001-a000-0000-0000-000000000001,"{""LastFullScan"":""2026-05-27T22:00:00Z""}",10.8240.28500.1000,dev-noise-0032,CS-LT-0032,obj-dev-noise-0032,1,"[{""UserName"":""user32"",""DomainName"":""creditsafe.com""}]",Corporate-Standard,64-bit,22631,Windows11,23H2,198.18.0.20,tag-dev-primary,8829100000035,2026-05-28T06:00:00Z,2026-05-28T06:00:00Z,aad-noise-0032,Endpoint,Workstation,Workstation,AAD,,,Latitude 7440,Onboarded,Windows,10.0.22631,Dell,Active,0,,Normal,Low,0,DevMachine;AI-Tooling-ApprovedWithReview,MachineGroup:Engineering,,,,,,,hw-dev-noise-0032,,0,"{""AntivirusMode"":""Active"",""EDR"":""Enabled"",""NetworkProtection"":""BlockMode""}",22631.3527,DeviceInfo
tenant-lab-001-a000-0000-0000-000000000001,"{""LastFullScan"":""2026-05-27T22:00:00Z""}",10.8240.28500.1000,dev-noise-0033,CS-LT-0033,obj-dev-noise-0033,1,"[{""UserName"":""user33"",""DomainName"":""creditsafe.com""}]",Corporate-Standard,64-bit,22631,Windows11,23H2,198.18.0.20,tag-dev-primary,8829100000036,2026-05-28T06:00:00Z,2026-05-28T06:00:00Z,aad-noise-0033,Endpoint,Workstation,Workstation,AAD,,,Latitude 7440,Onboarded,Windows,10.0.22631,Dell,Active,0,,Normal,Low,0,DevMachine;AI-Tooling-ApprovedWithReview,MachineGroup:Engineering,,,,,,,hw-dev-noise-0033,,0,"{""AntivirusMode"":""Active"",""EDR"":""Enabled"",""NetworkProtection"":""BlockMode""}",22631.3527,DeviceInfo
tenant-lab-001-a000-0000-0000-000000000001,"{""LastFullScan"":""2026-05-27T22:00:00Z""}",10.8240.28500.1000,dev-noise-0034,CS-LT-0034,obj-dev-noise-0034,1,"[{""UserName"":""user34"",""DomainName"":""creditsafe.com""}]",Corporate-Standard,64-bit,22631,Windows11,23H2,198.18.0.20,tag-dev-primary,8829100000037,2026-05-28T06:00:00Z,2026-05-28T06:00:00Z,aad-noise-0034,Endpoint,Workstation,Workstation,AAD,,,Latitude 7440,Onboarded,Windows,10.0.22631,Dell,Active,0,,Normal,Low,0,DevMachine;AI-Tooling-ApprovedWithReview,MachineGroup:Engineering,,,,,,,hw-dev-noise-0034,,0,"{""AntivirusMode"":""Active"",""EDR"":""Enabled"",""NetworkProtection"":""BlockMode""}",22631.3527,DeviceInfo
tenant-lab-001-a000-0000-0000-000000000001,"{""LastFullScan"":""2026-05-27T22:00:00Z""}",10.8240.28500.1000,dev-noise-0035,CS-LT-0035,obj-dev-noise-0035,1,"[{""UserName"":""user35"",""DomainName"":""creditsafe.com""}]",Corporate-Standard,64-bit,22631,Windows11,23H2,198.18.0.20,tag-dev-primary,8829100000038,2026-05-28T06:00:00Z,2026-05-28T06:00:00Z,aad-noise-0035,Endpoint,Workstation,Workstation,AAD,,,Latitude 7440,Onboarded,Windows,10.0.22631,Dell,Active,0,,Normal,Low,0,DevMachine;AI-Tooling-ApprovedWithReview,MachineGroup:Engineering,,,,,,,hw-dev-noise-0035,,0,"{""AntivirusMode"":""Active"",""EDR"":""Enabled"",""NetworkProtection"":""BlockMode""}",22631.3527,DeviceInfo
tenant-lab-001-a000-0000-0000-000000000001,"{""LastFullScan"":""2026-05-27T22:00:00Z""}",10.8240.28500.1000,dev-noise-0036,CS-LT-0036,obj-dev-noise-0036,1,"[{""UserName"":""user36"",""DomainName"":""creditsafe.com""}]",Corporate-Standard,64-bit,22631,Windows11,23H2,198.18.0.20,tag-dev-primary,8829100000039,2026-05-28T06:00:00Z,2026-05-28T06:00:00Z,aad-noise-0036,Endpoint,Workstation,Workstation,AAD,,,Latitude 7440,Onboarded,Windows,10.0.22631,Dell,Active,0,,Normal,Low,0,DevMachine;AI-Tooling-ApprovedWithReview,MachineGroup:Engineering,,,,,,,hw-dev-noise-0036,,0,"{""AntivirusMode"":""Active"",""EDR"":""Enabled"",""NetworkProtection"":""BlockMode""}",22631.3527,DeviceInfo
tenant-lab-001-a000-0000-0000-000000000001,"{""LastFullScan"":""2026-05-27T22:00:00Z""}",10.8240.28500.1000,dev-noise-0037,CS-LT-0037,obj-dev-noise-0037,1,"[{""UserName"":""user37"",""DomainName"":""creditsafe.com""}]",Corporate-Standard,64-bit,22631,Windows11,23H2,198.18.0.20,tag-dev-primary,8829100000040,2026-05-28T06:00:00Z,2026-05-28T06:00:00Z,aad-noise-0037,Endpoint,Workstation,Workstation,AAD,,,Latitude 7440,Onboarded,Windows,10.0.22631,Dell,Active,0,,Normal,Low,0,DevMachine;AI-Tooling-ApprovedWithReview,MachineGroup:Engineering,,,,,,,hw-dev-noise-0037,,0,"{""AntivirusMode"":""Active"",""EDR"":""Enabled"",""NetworkProtection"":""BlockMode""}",22631.3527,DeviceInfo
tenant-lab-001-a000-0000-0000-000000000001,"{""LastFullScan"":""2026-05-27T22:00:00Z""}",10.8240.28500.1000,dev-noise-0038,CS-LT-0038,obj-dev-noise-0038,1,"[{""UserName"":""user38"",""DomainName"":""creditsafe.com""}]",Corporate-Standard,64-bit,22631,Windows11,23H2,198.18.0.20,tag-dev-primary,8829100000041,2026-05-28T06:00:00Z,2026-05-28T06:00:00Z,aad-noise-0038,Endpoint,Workstation,Workstation,AAD,,,Latitude 7440,Onboarded,Windows,10.0.22631,Dell,Active,0,,Normal,Low,0,DevMachine;AI-Tooling-ApprovedWithReview,MachineGroup:Engineering,,,,,,,hw-dev-noise-0038,,0,"{""AntivirusMode"":""Active"",""EDR"":""Enabled"",""NetworkProtection"":""BlockMode""}",22631.3527,DeviceInfo
tenant-lab-001-a000-0000-0000-000000000001,"{""LastFullScan"":""2026-05-27T22:00:00Z""}",10.8240.28500.1000,dev-noise-0039,CS-LT-0039,obj-dev-noise-0039,1,"[{""UserName"":""user39"",""DomainName"":""creditsafe.com""}]",Corporate-Standard,64-bit,22631,Windows11,23H2,198.18.0.20,tag-dev-primary,8829100000042,2026-05-28T06:00:00Z,2026-05-28T06:00:00Z,aad-noise-0039,Endpoint,Workstation,Workstation,AAD,,,Latitude 7440,Onboarded,Windows,10.0.22631,Dell,Active,0,,Normal,Low,0,DevMachine;AI-Tooling-ApprovedWithReview,MachineGroup:Engineering,,,,,,,hw-dev-noise-0039,,0,"{""AntivirusMode"":""Active"",""EDR"":""Enabled"",""NetworkProtection"":""BlockMode""}",22631.3527,DeviceInfo
tenant-lab-001-a000-0000-0000-000000000001,"{""LastFullScan"":""2026-05-27T22:00:00Z""}",10.8240.28500.1000,dev-noise-0040,CS-LT-0040,obj-dev-noise-0040,1,"[{""UserName"":""user40"",""DomainName"":""creditsafe.com""}]",Corporate-Standard,64-bit,22631,Windows11,23H2,198.18.0.20,tag-dev-primary,8829100000043,2026-05-28T06:00:00Z,2026-05-28T06:00:00Z,aad-noise-0040,Endpoint,Workstation,Workstation,AAD,,,Latitude 7440,Onboarded,Windows,10.0.22631,Dell,Active,0,,Normal,Low,0,DevMachine;AI-Tooling-ApprovedWithReview,MachineGroup:Engineering,,,,,,,hw-dev-noise-0040,,0,"{""AntivirusMode"":""Active"",""EDR"":""Enabled"",""NetworkProtection"":""BlockMode""}",22631.3527,DeviceInfo
tenant-lab-001-a000-0000-0000-000000000001,"{""LastFullScan"":""2026-05-27T22:00:00Z""}",10.8240.28500.1000,dev-noise-0041,CS-LT-0041,obj-dev-noise-0041,1,"[{""UserName"":""user41"",""DomainName"":""creditsafe.com""}]",Corporate-Standard,64-bit,22631,Windows11,23H2,198.18.0.20,tag-dev-primary,8829100000044,2026-05-28T06:00:00Z,2026-05-28T06:00:00Z,aad-noise-0041,Endpoint,Workstation,Workstation,AAD,,,Latitude 7440,Onboarded,Windows,10.0.22631,Dell,Active,0,,Normal,Low,0,DevMachine;AI-Tooling-ApprovedWithReview,MachineGroup:Engineering,,,,,,,hw-dev-noise-0041,,0,"{""AntivirusMode"":""Active"",""EDR"":""Enabled"",""NetworkProtection"":""BlockMode""}",22631.3527,DeviceInfo
tenant-lab-001-a000-0000-0000-000000000001,"{""LastFullScan"":""2026-05-27T22:00:00Z""}",10.8240.28500.1000,dev-noise-0042,CS-LT-0042,obj-dev-noise-0042,1,"[{""UserName"":""user42"",""DomainName"":""creditsafe.com""}]",Corporate-Standard,64-bit,22631,Windows11,23H2,198.18.0.20,tag-dev-primary,8829100000045,2026-05-28T06:00:00Z,2026-05-28T06:00:00Z,aad-noise-0042,Endpoint,Workstation,Workstation,AAD,,,Latitude 7440,Onboarded,Windows,10.0.22631,Dell,Active,0,,Normal,Low,0,DevMachine;AI-Tooling-ApprovedWithReview,MachineGroup:Engineering,,,,,,,hw-dev-noise-0042,,0,"{""AntivirusMode"":""Active"",""EDR"":""Enabled"",""NetworkProtection"":""BlockMode""}",22631.3527,DeviceInfo
tenant-lab-001-a000-0000-0000-000000000001,"{""LastFullScan"":""2026-05-27T22:00:00Z""}",10.8240.28500.1000,dev-noise-0043,CS-LT-0043,obj-dev-noise-0043,1,"[{""UserName"":""user43"",""DomainName"":""creditsafe.com""}]",Corporate-Standard,64-bit,22631,Windows11,23H2,198.18.0.20,tag-dev-primary,8829100000046,2026-05-28T06:00:00Z,2026-05-28T06:00:00Z,aad-noise-0043,Endpoint,Workstation,Workstation,AAD,,,Latitude 7440,Onboarded,Windows,10.0.22631,Dell,Active,0,,Normal,Low,0,DevMachine;AI-Tooling-ApprovedWithReview,MachineGroup:Engineering,,,,,,,hw-dev-noise-0043,,0,"{""AntivirusMode"":""Active"",""EDR"":""Enabled"",""NetworkProtection"":""BlockMode""}",22631.3527,DeviceInfo
tenant-lab-001-a000-0000-0000-000000000001,"{""LastFullScan"":""2026-05-27T22:00:00Z""}",10.8240.28500.1000,dev-noise-0044,CS-LT-0044,obj-dev-noise-0044,1,"[{""UserName"":""user44"",""DomainName"":""creditsafe.com""}]",Corporate-Standard,64-bit,22631,Windows11,23H2,198.18.0.20,tag-dev-primary,8829100000047,2026-05-28T06:00:00Z,2026-05-28T06:00:00Z,aad-noise-0044,Endpoint,Workstation,Workstation,AAD,,,Latitude 7440,Onboarded,Windows,10.0.22631,Dell,Active,0,,Normal,Low,0,DevMachine;AI-Tooling-ApprovedWithReview,MachineGroup:Engineering,,,,,,,hw-dev-noise-0044,,0,"{""AntivirusMode"":""Active"",""EDR"":""Enabled"",""NetworkProtection"":""BlockMode""}",22631.3527,DeviceInfo
tenant-lab-001-a000-0000-0000-000000000001,"{""LastFullScan"":""2026-05-27T22:00:00Z""}",10.8240.28500.1000,dev-noise-0045,CS-LT-0045,obj-dev-noise-0045,1,"[{""UserName"":""user45"",""DomainName"":""creditsafe.com""}]",Corporate-Standard,64-bit,22631,Windows11,23H2,198.18.0.20,tag-dev-primary,8829100000048,2026-05-28T06:00:00Z,2026-05-28T06:00:00Z,aad-noise-0045,Endpoint,Workstation,Workstation,AAD,,,Latitude 7440,Onboarded,Windows,10.0.22631,Dell,Active,0,,Normal,Low,0,DevMachine;AI-Tooling-ApprovedWithReview,MachineGroup:Engineering,,,,,,,hw-dev-noise-0045,,0,"{""AntivirusMode"":""Active"",""EDR"":""Enabled"",""NetworkProtection"":""BlockMode""}",22631.3527,DeviceInfo
tenant-lab-001-a000-0000-0000-000000000001,"{""LastFullScan"":""2026-05-27T22:00:00Z""}",10.8240.28500.1000,dev-noise-0046,CS-LT-0046,obj-dev-noise-0046,1,"[{""UserName"":""user46"",""DomainName"":""creditsafe.com""}]",Corporate-Standard,64-bit,22631,Windows11,23H2,198.18.0.20,tag-dev-primary,8829100000049,2026-05-28T06:00:00Z,2026-05-28T06:00:00Z,aad-noise-0046,Endpoint,Workstation,Workstation,AAD,,,Latitude 7440,Onboarded,Windows,10.0.22631,Dell,Active,0,,Normal,Low,0,DevMachine;AI-Tooling-ApprovedWithReview,MachineGroup:Engineering,,,,,,,hw-dev-noise-0046,,0,"{""AntivirusMode"":""Active"",""EDR"":""Enabled"",""NetworkProtection"":""BlockMode""}",22631.3527,DeviceInfo
tenant-lab-001-a000-0000-0000-000000000001,"{""LastFullScan"":""2026-05-27T22:00:00Z""}",10.8240.28500.1000,dev-noise-0047,CS-LT-0047,obj-dev-noise-0047,1,"[{""UserName"":""user47"",""DomainName"":""creditsafe.com""}]",Corporate-Standard,64-bit,22631,Windows11,23H2,198.18.0.20,tag-dev-primary,8829100000050,2026-05-28T06:00:00Z,2026-05-28T06:00:00Z,aad-noise-0047,Endpoint,Workstation,Workstation,AAD,,,Latitude 7440,Onboarded,Windows,10.0.22631,Dell,Active,0,,Normal,Low,0,DevMachine;AI-Tooling-ApprovedWithReview,MachineGroup:Engineering,,,,,,,hw-dev-noise-0047,,0,"{""AntivirusMode"":""Active"",""EDR"":""Enabled"",""NetworkProtection"":""BlockMode""}",22631.3527,DeviceInfo
tenant-lab-001-a000-0000-0000-000000000001,"{""LastFullScan"":""2026-05-27T22:00:00Z""}",10.8240.28500.1000,dev-noise-0048,CS-LT-0048,obj-dev-noise-0048,1,"[{""UserName"":""user48"",""DomainName"":""creditsafe.com""}]",Corporate-Standard,64-bit,22631,Windows11,23H2,198.18.0.20,tag-dev-primary,8829100000051,2026-05-28T06:00:00Z,2026-05-28T06:00:00Z,aad-noise-0048,Endpoint,Workstation,Workstation,AAD,,,Latitude 7440,Onboarded,Windows,10.0.22631,Dell,Active,0,,Normal,Low,0,DevMachine;AI-Tooling-ApprovedWithReview,MachineGroup:Engineering,,,,,,,hw-dev-noise-0048,,0,"{""AntivirusMode"":""Active"",""EDR"":""Enabled"",""NetworkProtection"":""BlockMode""}",22631.3527,DeviceInfo
tenant-lab-001-a000-0000-0000-000000000001,"{""LastFullScan"":""2026-05-27T22:00:00Z""}",10.8240.28500.1000,dev-noise-0049,CS-LT-0049,obj-dev-noise-0049,1,"[{""UserName"":""user49"",""DomainName"":""creditsafe.com""}]",Corporate-Standard,64-bit,22631,Windows11,23H2,198.18.0.20,tag-dev-primary,8829100000052,2026-05-28T06:00:00Z,2026-05-28T06:00:00Z,aad-noise-0049,Endpoint,Workstation,Workstation,AAD,,,Latitude 7440,Onboarded,Windows,10.0.22631,Dell,Active,0,,Normal,Low,0,DevMachine;AI-Tooling-ApprovedWithReview,MachineGroup:Engineering,,,,,,,hw-dev-noise-0049,,0,"{""AntivirusMode"":""Active"",""EDR"":""Enabled"",""NetworkProtection"":""BlockMode""}",22631.3527,DeviceInfo
tenant-lab-001-a000-0000-0000-000000000001,"{""LastFullScan"":""2026-05-27T22:00:00Z""}",10.8240.28500.1000,dev-noise-0050,CS-LT-0050,obj-dev-noise-0050,1,"[{""UserName"":""user50"",""DomainName"":""creditsafe.com""}]",Corporate-Standard,64-bit,22631,Windows11,23H2,198.18.0.20,tag-dev-primary,8829100000053,2026-05-28T06:00:00Z,2026-05-28T06:00:00Z,aad-noise-0050,Endpoint,Workstation,Workstation,AAD,,,Latitude 7440,Onboarded,Windows,10.0.22631,Dell,Active,0,,Normal,Low,0,DevMachine;AI-Tooling-ApprovedWithReview,MachineGroup:Engineering,,,,,,,hw-dev-noise-0050,,0,"{""AntivirusMode"":""Active"",""EDR"":""Enabled"",""NetworkProtection"":""BlockMode""}",22631.3527,DeviceInfo
tenant-lab-001-a000-0000-0000-000000000001,"{""LastFullScan"":""2026-05-27T22:00:00Z""}",10.8240.28500.1000,dev-noise-0051,CS-LT-0051,obj-dev-noise-0051,1,"[{""UserName"":""user51"",""DomainName"":""creditsafe.com""}]",Corporate-Standard,64-bit,22631,Windows11,23H2,198.18.0.20,tag-dev-primary,8829100000054,2026-05-28T06:00:00Z,2026-05-28T06:00:00Z,aad-noise-0051,Endpoint,Workstation,Workstation,AAD,,,Latitude 7440,Onboarded,Windows,10.0.22631,Dell,Active,0,,Normal,Low,0,DevMachine;AI-Tooling-ApprovedWithReview,MachineGroup:Engineering,,,,,,,hw-dev-noise-0051,,0,"{""AntivirusMode"":""Active"",""EDR"":""Enabled"",""NetworkProtection"":""BlockMode""}",22631.3527,DeviceInfo
tenant-lab-001-a000-0000-0000-000000000001,"{""LastFullScan"":""2026-05-27T22:00:00Z""}",10.8240.28500.1000,dev-noise-0052,CS-LT-0052,obj-dev-noise-0052,1,"[{""UserName"":""user52"",""DomainName"":""creditsafe.com""}]",Corporate-Standard,64-bit,22631,Windows11,23H2,198.18.0.20,tag-dev-primary,8829100000055,2026-05-28T06:00:00Z,2026-05-28T06:00:00Z,aad-noise-0052,Endpoint,Workstation,Workstation,AAD,,,Latitude 7440,Onboarded,Windows,10.0.22631,Dell,Active,0,,Normal,Low,0,DevMachine;AI-Tooling-ApprovedWithReview,MachineGroup:Engineering,,,,,,,hw-dev-noise-0052,,0,"{""AntivirusMode"":""Active"",""EDR"":""Enabled"",""NetworkProtection"":""BlockMode""}",22631.3527,DeviceInfo
tenant-lab-001-a000-0000-0000-000000000001,"{""LastFullScan"":""2026-05-27T22:00:00Z""}",10.8240.28500.1000,dev-noise-0053,CS-LT-0053,obj-dev-noise-0053,1,"[{""UserName"":""user53"",""DomainName"":""creditsafe.com""}]",Corporate-Standard,64-bit,22631,Windows11,23H2,198.18.0.20,tag-dev-primary,8829100000056,2026-05-28T06:00:00Z,2026-05-28T06:00:00Z,aad-noise-0053,Endpoint,Workstation,Workstation,AAD,,,Latitude 7440,Onboarded,Windows,10.0.22631,Dell,Active,0,,Normal,Low,0,DevMachine;AI-Tooling-ApprovedWithReview,MachineGroup:Engineering,,,,,,,hw-dev-noise-0053,,0,"{""AntivirusMode"":""Active"",""EDR"":""Enabled"",""NetworkProtection"":""BlockMode""}",22631.3527,DeviceInfo
tenant-lab-001-a000-0000-0000-000000000001,"{""LastFullScan"":""2026-05-27T22:00:00Z""}",10.8240.28500.1000,dev-noise-0054,CS-LT-0054,obj-dev-noise-0054,1,"[{""UserName"":""user54"",""DomainName"":""creditsafe.com""}]",Corporate-Standard,64-bit,22631,Windows11,23H2,198.18.0.20,tag-dev-primary,8829100000057,2026-05-28T06:00:00Z,2026-05-28T06:00:00Z,aad-noise-0054,Endpoint,Workstation,Workstation,AAD,,,Latitude 7440,Onboarded,Windows,10.0.22631,Dell,Active,0,,Normal,Low,0,DevMachine;AI-Tooling-ApprovedWithReview,MachineGroup:Engineering,,,,,,,hw-dev-noise-0054,,0,"{""AntivirusMode"":""Active"",""EDR"":""Enabled"",""NetworkProtection"":""BlockMode""}",22631.3527,DeviceInfo
tenant-lab-001-a000-0000-0000-000000000001,"{""LastFullScan"":""2026-05-27T22:00:00Z""}",10.8240.28500.1000,dev-noise-0055,CS-LT-0055,obj-dev-noise-0055,1,"[{""UserName"":""user55"",""DomainName"":""creditsafe.com""}]",Corporate-Standard,64-bit,22631,Windows11,23H2,198.18.0.20,tag-dev-primary,8829100000058,2026-05-28T06:00:00Z,2026-05-28T06:00:00Z,aad-noise-0055,Endpoint,Workstation,Workstation,AAD,,,Latitude 7440,Onboarded,Windows,10.0.22631,Dell,Active,0,,Normal,Low,0,DevMachine;AI-Tooling-ApprovedWithReview,MachineGroup:Engineering,,,,,,,hw-dev-noise-0055,,0,"{""AntivirusMode"":""Active"",""EDR"":""Enabled"",""NetworkProtection"":""BlockMode""}",22631.3527,DeviceInfo
tenant-lab-001-a000-0000-0000-000000000001,"{""LastFullScan"":""2026-05-27T22:00:00Z""}",10.8240.28500.1000,dev-noise-0056,CS-LT-0056,obj-dev-noise-0056,1,"[{""UserName"":""user56"",""DomainName"":""creditsafe.com""}]",Corporate-Standard,64-bit,22631,Windows11,23H2,198.18.0.20,tag-dev-primary,8829100000059,2026-05-28T06:00:00Z,2026-05-28T06:00:00Z,aad-noise-0056,Endpoint,Workstation,Workstation,AAD,,,Latitude 7440,Onboarded,Windows,10.0.22631,Dell,Active,0,,Normal,Low,0,DevMachine;AI-Tooling-ApprovedWithReview,MachineGroup:Engineering,,,,,,,hw-dev-noise-0056,,0,"{""AntivirusMode"":""Active"",""EDR"":""Enabled"",""NetworkProtection"":""BlockMode""}",22631.3527,DeviceInfo
tenant-lab-001-a000-0000-0000-000000000001,"{""LastFullScan"":""2026-05-27T22:00:00Z""}",10.8240.28500.1000,dev-noise-0057,CS-LT-0057,obj-dev-noise-0057,1,"[{""UserName"":""user57"",""DomainName"":""creditsafe.com""}]",Corporate-Standard,64-bit,22631,Windows11,23H2,198.18.0.20,tag-dev-primary,8829100000060,2026-05-28T06:00:00Z,2026-05-28T06:00:00Z,aad-noise-0057,Endpoint,Workstation,Workstation,AAD,,,Latitude 7440,Onboarded,Windows,10.0.22631,Dell,Active,0,,Normal,Low,0,DevMachine;AI-Tooling-ApprovedWithReview,MachineGroup:Engineering,,,,,,,hw-dev-noise-0057,,0,"{""AntivirusMode"":""Active"",""EDR"":""Enabled"",""NetworkProtection"":""BlockMode""}",22631.3527,DeviceInfo
tenant-lab-001-a000-0000-0000-000000000001,"{""LastFullScan"":""2026-05-27T22:00:00Z""}",10.8240.28500.1000,dev-noise-0058,CS-LT-0058,obj-dev-noise-0058,1,"[{""UserName"":""user58"",""DomainName"":""creditsafe.com""}]",Corporate-Standard,64-bit,22631,Windows11,23H2,198.18.0.20,tag-dev-primary,8829100000061,2026-05-28T06:00:00Z,2026-05-28T06:00:00Z,aad-noise-0058,Endpoint,Workstation,Workstation,AAD,,,Latitude 7440,Onboarded,Windows,10.0.22631,Dell,Active,0,,Normal,Low,0,DevMachine;AI-Tooling-ApprovedWithReview,MachineGroup:Engineering,,,,,,,hw-dev-noise-0058,,0,"{""AntivirusMode"":""Active"",""EDR"":""Enabled"",""NetworkProtection"":""BlockMode""}",22631.3527,DeviceInfo
tenant-lab-001-a000-0000-0000-000000000001,"{""LastFullScan"":""2026-05-27T22:00:00Z""}",10.8240.28500.1000,dev-noise-0059,CS-LT-0059,obj-dev-noise-0059,1,"[{""UserName"":""user59"",""DomainName"":""creditsafe.com""}]",Corporate-Standard,64-bit,22631,Windows11,23H2,198.18.0.20,tag-dev-primary,8829100000062,2026-05-28T06:00:00Z,2026-05-28T06:00:00Z,aad-noise-0059,Endpoint,Workstation,Workstation,AAD,,,Latitude 7440,Onboarded,Windows,10.0.22631,Dell,Active,0,,Normal,Low,0,DevMachine;AI-Tooling-ApprovedWithReview,MachineGroup:Engineering,,,,,,,hw-dev-noise-0059,,0,"{""AntivirusMode"":""Active"",""EDR"":""Enabled"",""NetworkProtection"":""BlockMode""}",22631.3527,DeviceInfo
tenant-lab-001-a000-0000-0000-000000000001,"{""LastFullScan"":""2026-05-27T22:00:00Z""}",10.8240.28500.1000,dev-noise-0060,CS-LT-0060,obj-dev-noise-0060,1,"[{""UserName"":""user60"",""DomainName"":""creditsafe.com""}]",Corporate-Standard,64-bit,22631,Windows11,23H2,198.18.0.20,tag-dev-primary,8829100000063,2026-05-28T06:00:00Z,2026-05-28T06:00:00Z,aad-noise-0060,Endpoint,Workstation,Workstation,AAD,,,Latitude 7440,Onboarded,Windows,10.0.22631,Dell,Active,0,,Normal,Low,0,DevMachine;AI-Tooling-ApprovedWithReview,MachineGroup:Engineering,,,,,,,hw-dev-noise-0060,,0,"{""AntivirusMode"":""Active"",""EDR"":""Enabled"",""NetworkProtection"":""BlockMode""}",22631.3527,DeviceInfo
tenant-lab-001-a000-0000-0000-000000000001,"{""LastFullScan"":""2026-05-27T22:00:00Z""}",10.8240.28500.1000,dev-noise-0061,CS-LT-0061,obj-dev-noise-0061,1,"[{""UserName"":""user61"",""DomainName"":""creditsafe.com""}]",Corporate-Standard,64-bit,22631,Windows11,23H2,198.18.0.20,tag-dev-primary,8829100000064,2026-05-28T06:00:00Z,2026-05-28T06:00:00Z,aad-noise-0061,Endpoint,Workstation,Workstation,AAD,,,Latitude 7440,Onboarded,Windows,10.0.22631,Dell,Active,0,,Normal,Low,0,DevMachine;AI-Tooling-ApprovedWithReview,MachineGroup:Engineering,,,,,,,hw-dev-noise-0061,,0,"{""AntivirusMode"":""Active"",""EDR"":""Enabled"",""NetworkProtection"":""BlockMode""}",22631.3527,DeviceInfo
tenant-lab-001-a000-0000-0000-000000000001,"{""LastFullScan"":""2026-05-27T22:00:00Z""}",10.8240.28500.1000,dev-noise-0062,CS-LT-0062,obj-dev-noise-0062,1,"[{""UserName"":""user62"",""DomainName"":""creditsafe.com""}]",Corporate-Standard,64-bit,22631,Windows11,23H2,198.18.0.20,tag-dev-primary,8829100000065,2026-05-28T06:00:00Z,2026-05-28T06:00:00Z,aad-noise-0062,Endpoint,Workstation,Workstation,AAD,,,Latitude 7440,Onboarded,Windows,10.0.22631,Dell,Active,0,,Normal,Low,0,DevMachine;AI-Tooling-ApprovedWithReview,MachineGroup:Engineering,,,,,,,hw-dev-noise-0062,,0,"{""AntivirusMode"":""Active"",""EDR"":""Enabled"",""NetworkProtection"":""BlockMode""}",22631.3527,DeviceInfo
tenant-lab-001-a000-0000-0000-000000000001,"{""LastFullScan"":""2026-05-27T22:00:00Z""}",10.8240.28500.1000,dev-noise-0063,CS-LT-0063,obj-dev-noise-0063,1,"[{""UserName"":""user63"",""DomainName"":""creditsafe.com""}]",Corporate-Standard,64-bit,22631,Windows11,23H2,198.18.0.20,tag-dev-primary,8829100000066,2026-05-28T06:00:00Z,2026-05-28T06:00:00Z,aad-noise-0063,Endpoint,Workstation,Workstation,AAD,,,Latitude 7440,Onboarded,Windows,10.0.22631,Dell,Active,0,,Normal,Low,0,DevMachine;AI-Tooling-ApprovedWithReview,MachineGroup:Engineering,,,,,,,hw-dev-noise-0063,,0,"{""AntivirusMode"":""Active"",""EDR"":""Enabled"",""NetworkProtection"":""BlockMode""}",22631.3527,DeviceInfo
tenant-lab-001-a000-0000-0000-000000000001,"{""LastFullScan"":""2026-05-27T22:00:00Z""}",10.8240.28500.1000,dev-noise-0064,CS-LT-0064,obj-dev-noise-0064,1,"[{""UserName"":""user64"",""DomainName"":""creditsafe.com""}]",Corporate-Standard,64-bit,22631,Windows11,23H2,198.18.0.20,tag-dev-primary,8829100000067,2026-05-28T06:00:00Z,2026-05-28T06:00:00Z,aad-noise-0064,Endpoint,Workstation,Workstation,AAD,,,Latitude 7440,Onboarded,Windows,10.0.22631,Dell,Active,0,,Normal,Low,0,DevMachine;AI-Tooling-ApprovedWithReview,MachineGroup:Engineering,,,,,,,hw-dev-noise-0064,,0,"{""AntivirusMode"":""Active"",""EDR"":""Enabled"",""NetworkProtection"":""BlockMode""}",22631.3527,DeviceInfo
tenant-lab-001-a000-0000-0000-000000000001,"{""LastFullScan"":""2026-05-27T22:00:00Z""}",10.8240.28500.1000,dev-noise-0065,CS-LT-0065,obj-dev-noise-0065,1,"[{""UserName"":""user65"",""DomainName"":""creditsafe.com""}]",Corporate-Standard,64-bit,22631,Windows11,23H2,198.18.0.20,tag-dev-primary,8829100000068,2026-05-28T06:00:00Z,2026-05-28T06:00:00Z,aad-noise-0065,Endpoint,Workstation,Workstation,AAD,,,Latitude 7440,Onboarded,Windows,10.0.22631,Dell,Active,0,,Normal,Low,0,DevMachine;AI-Tooling-ApprovedWithReview,MachineGroup:Engineering,,,,,,,hw-dev-noise-0065,,0,"{""AntivirusMode"":""Active"",""EDR"":""Enabled"",""NetworkProtection"":""BlockMode""}",22631.3527,DeviceInfo
tenant-lab-001-a000-0000-0000-000000000001,"{""LastFullScan"":""2026-05-27T22:00:00Z""}",10.8240.28500.1000,dev-noise-0066,CS-LT-0066,obj-dev-noise-0066,1,"[{""UserName"":""user66"",""DomainName"":""creditsafe.com""}]",Corporate-Standard,64-bit,22631,Windows11,23H2,198.18.0.20,tag-dev-primary,8829100000069,2026-05-28T06:00:00Z,2026-05-28T06:00:00Z,aad-noise-0066,Endpoint,Workstation,Workstation,AAD,,,Latitude 7440,Onboarded,Windows,10.0.22631,Dell,Active,0,,Normal,Low,0,DevMachine;AI-Tooling-ApprovedWithReview,MachineGroup:Engineering,,,,,,,hw-dev-noise-0066,,0,"{""AntivirusMode"":""Active"",""EDR"":""Enabled"",""NetworkProtection"":""BlockMode""}",22631.3527,DeviceInfo
tenant-lab-001-a000-0000-0000-000000000001,"{""LastFullScan"":""2026-05-27T22:00:00Z""}",10.8240.28500.1000,dev-noise-0067,CS-LT-0067,obj-dev-noise-0067,1,"[{""UserName"":""user67"",""DomainName"":""creditsafe.com""}]",Corporate-Standard,64-bit,22631,Windows11,23H2,198.18.0.20,tag-dev-primary,8829100000070,2026-05-28T06:00:00Z,2026-05-28T06:00:00Z,aad-noise-0067,Endpoint,Workstation,Workstation,AAD,,,Latitude 7440,Onboarded,Windows,10.0.22631,Dell,Active,0,,Normal,Low,0,DevMachine;AI-Tooling-ApprovedWithReview,MachineGroup:Engineering,,,,,,,hw-dev-noise-0067,,0,"{""AntivirusMode"":""Active"",""EDR"":""Enabled"",""NetworkProtection"":""BlockMode""}",22631.3527,DeviceInfo
tenant-lab-001-a000-0000-0000-000000000001,"{""LastFullScan"":""2026-05-27T22:00:00Z""}",10.8240.28500.1000,dev-noise-0068,CS-LT-0068,obj-dev-noise-0068,1,"[{""UserName"":""user68"",""DomainName"":""creditsafe.com""}]",Corporate-Standard,64-bit,22631,Windows11,23H2,198.18.0.20,tag-dev-primary,8829100000071,2026-05-28T06:00:00Z,2026-05-28T06:00:00Z,aad-noise-0068,Endpoint,Workstation,Workstation,AAD,,,Latitude 7440,Onboarded,Windows,10.0.22631,Dell,Active,0,,Normal,Low,0,DevMachine;AI-Tooling-ApprovedWithReview,MachineGroup:Engineering,,,,,,,hw-dev-noise-0068,,0,"{""AntivirusMode"":""Active"",""EDR"":""Enabled"",""NetworkProtection"":""BlockMode""}",22631.3527,DeviceInfo
tenant-lab-001-a000-0000-0000-000000000001,"{""LastFullScan"":""2026-05-27T22:00:00Z""}",10.8240.28500.1000,dev-noise-0069,CS-LT-0069,obj-dev-noise-0069,1,"[{""UserName"":""user69"",""DomainName"":""creditsafe.com""}]",Corporate-Standard,64-bit,22631,Windows11,23H2,198.18.0.20,tag-dev-primary,8829100000072,2026-05-28T06:00:00Z,2026-05-28T06:00:00Z,aad-noise-0069,Endpoint,Workstation,Workstation,AAD,,,Latitude 7440,Onboarded,Windows,10.0.22631,Dell,Active,0,,Normal,Low,0,DevMachine;AI-Tooling-ApprovedWithReview,MachineGroup:Engineering,,,,,,,hw-dev-noise-0069,,0,"{""AntivirusMode"":""Active"",""EDR"":""Enabled"",""NetworkProtection"":""BlockMode""}",22631.3527,DeviceInfo
tenant-lab-001-a000-0000-0000-000000000001,"{""LastFullScan"":""2026-05-27T22:00:00Z""}",10.8240.28500.1000,dev-noise-0070,CS-LT-0070,obj-dev-noise-0070,1,"[{""UserName"":""user70"",""DomainName"":""creditsafe.com""}]",Corporate-Standard,64-bit,22631,Windows11,23H2,198.18.0.20,tag-dev-primary,8829100000073,2026-05-28T06:00:00Z,2026-05-28T06:00:00Z,aad-noise-0070,Endpoint,Workstation,Workstation,AAD,,,Latitude 7440,Onboarded,Windows,10.0.22631,Dell,Active,0,,Normal,Low,0,DevMachine;AI-Tooling-ApprovedWithReview,MachineGroup:Engineering,,,,,,,hw-dev-noise-0070,,0,"{""AntivirusMode"":""Active"",""EDR"":""Enabled"",""NetworkProtection"":""BlockMode""}",22631.3527,DeviceInfo
tenant-lab-001-a000-0000-0000-000000000001,"{""LastFullScan"":""2026-05-27T22:00:00Z""}",10.8240.28500.1000,dev-noise-0071,CS-LT-0071,obj-dev-noise-0071,1,"[{""UserName"":""user71"",""DomainName"":""creditsafe.com""}]",Corporate-Standard,64-bit,22631,Windows11,23H2,198.18.0.20,tag-dev-primary,8829100000074,2026-05-28T06:00:00Z,2026-05-28T06:00:00Z,aad-noise-0071,Endpoint,Workstation,Workstation,AAD,,,Latitude 7440,Onboarded,Windows,10.0.22631,Dell,Active,0,,Normal,Low,0,DevMachine;AI-Tooling-ApprovedWithReview,MachineGroup:Engineering,,,,,,,hw-dev-noise-0071,,0,"{""AntivirusMode"":""Active"",""EDR"":""Enabled"",""NetworkProtection"":""BlockMode""}",22631.3527,DeviceInfo
tenant-lab-001-a000-0000-0000-000000000001,"{""LastFullScan"":""2026-05-27T22:00:00Z""}",10.8240.28500.1000,dev-noise-0072,CS-LT-0072,obj-dev-noise-0072,1,"[{""UserName"":""user72"",""DomainName"":""creditsafe.com""}]",Corporate-Standard,64-bit,22631,Windows11,23H2,198.18.0.20,tag-dev-primary,8829100000075,2026-05-28T06:00:00Z,2026-05-28T06:00:00Z,aad-noise-0072,Endpoint,Workstation,Workstation,AAD,,,Latitude 7440,Onboarded,Windows,10.0.22631,Dell,Active,0,,Normal,Low,0,DevMachine;AI-Tooling-ApprovedWithReview,MachineGroup:Engineering,,,,,,,hw-dev-noise-0072,,0,"{""AntivirusMode"":""Active"",""EDR"":""Enabled"",""NetworkProtection"":""BlockMode""}",22631.3527,DeviceInfo
tenant-lab-001-a000-0000-0000-000000000001,"{""LastFullScan"":""2026-05-27T22:00:00Z""}",10.8240.28500.1000,dev-noise-0073,CS-LT-0073,obj-dev-noise-0073,1,"[{""UserName"":""user73"",""DomainName"":""creditsafe.com""}]",Corporate-Standard,64-bit,22631,Windows11,23H2,198.18.0.20,tag-dev-primary,8829100000076,2026-05-28T06:00:00Z,2026-05-28T06:00:00Z,aad-noise-0073,Endpoint,Workstation,Workstation,AAD,,,Latitude 7440,Onboarded,Windows,10.0.22631,Dell,Active,0,,Normal,Low,0,DevMachine;AI-Tooling-ApprovedWithReview,MachineGroup:Engineering,,,,,,,hw-dev-noise-0073,,0,"{""AntivirusMode"":""Active"",""EDR"":""Enabled"",""NetworkProtection"":""BlockMode""}",22631.3527,DeviceInfo
tenant-lab-001-a000-0000-0000-000000000001,"{""LastFullScan"":""2026-05-27T22:00:00Z""}",10.8240.28500.1000,dev-noise-0074,CS-LT-0074,obj-dev-noise-0074,1,"[{""UserName"":""user74"",""DomainName"":""creditsafe.com""}]",Corporate-Standard,64-bit,22631,Windows11,23H2,198.18.0.20,tag-dev-primary,8829100000077,2026-05-28T06:00:00Z,2026-05-28T06:00:00Z,aad-noise-0074,Endpoint,Workstation,Workstation,AAD,,,Latitude 7440,Onboarded,Windows,10.0.22631,Dell,Active,0,,Normal,Low,0,DevMachine;AI-Tooling-ApprovedWithReview,MachineGroup:Engineering,,,,,,,hw-dev-noise-0074,,0,"{""AntivirusMode"":""Active"",""EDR"":""Enabled"",""NetworkProtection"":""BlockMode""}",22631.3527,DeviceInfo
tenant-lab-001-a000-0000-0000-000000000001,"{""LastFullScan"":""2026-05-27T22:00:00Z""}",10.8240.28500.1000,dev-noise-0075,CS-LT-0075,obj-dev-noise-0075,1,"[{""UserName"":""user75"",""DomainName"":""creditsafe.com""}]",Corporate-Standard,64-bit,22631,Windows11,23H2,198.18.0.20,tag-dev-primary,8829100000078,2026-05-28T06:00:00Z,2026-05-28T06:00:00Z,aad-noise-0075,Endpoint,Workstation,Workstation,AAD,,,Latitude 7440,Onboarded,Windows,10.0.22631,Dell,Active,0,,Normal,Low,0,DevMachine;AI-Tooling-ApprovedWithReview,MachineGroup:Engineering,,,,,,,hw-dev-noise-0075,,0,"{""AntivirusMode"":""Active"",""EDR"":""Enabled"",""NetworkProtection"":""BlockMode""}",22631.3527,DeviceInfo
tenant-lab-001-a000-0000-0000-000000000001,"{""LastFullScan"":""2026-05-27T22:00:00Z""}",10.8240.28500.1000,dev-noise-0076,CS-LT-0076,obj-dev-noise-0076,1,"[{""UserName"":""user76"",""DomainName"":""creditsafe.com""}]",Corporate-Standard,64-bit,22631,Windows11,23H2,198.18.0.20,tag-dev-primary,8829100000079,2026-05-28T06:00:00Z,2026-05-28T06:00:00Z,aad-noise-0076,Endpoint,Workstation,Workstation,AAD,,,Latitude 7440,Onboarded,Windows,10.0.22631,Dell,Active,0,,Normal,Low,0,DevMachine;AI-Tooling-ApprovedWithReview,MachineGroup:Engineering,,,,,,,hw-dev-noise-0076,,0,"{""AntivirusMode"":""Active"",""EDR"":""Enabled"",""NetworkProtection"":""BlockMode""}",22631.3527,DeviceInfo
tenant-lab-001-a000-0000-0000-000000000001,"{""LastFullScan"":""2026-05-27T22:00:00Z""}",10.8240.28500.1000,dev-noise-0077,CS-LT-0077,obj-dev-noise-0077,1,"[{""UserName"":""user77"",""DomainName"":""creditsafe.com""}]",Corporate-Standard,64-bit,22631,Windows11,23H2,198.18.0.20,tag-dev-primary,8829100000080,2026-05-28T06:00:00Z,2026-05-28T06:00:00Z,aad-noise-0077,Endpoint,Workstation,Workstation,AAD,,,Latitude 7440,Onboarded,Windows,10.0.22631,Dell,Active,0,,Normal,Low,0,DevMachine;AI-Tooling-ApprovedWithReview,MachineGroup:Engineering,,,,,,,hw-dev-noise-0077,,0,"{""AntivirusMode"":""Active"",""EDR"":""Enabled"",""NetworkProtection"":""BlockMode""}",22631.3527,DeviceInfo
tenant-lab-001-a000-0000-0000-000000000001,"{""LastFullScan"":""2026-05-27T22:00:00Z""}",10.8240.28500.1000,dev-noise-0078,CS-LT-0078,obj-dev-noise-0078,1,"[{""UserName"":""user78"",""DomainName"":""creditsafe.com""}]",Corporate-Standard,64-bit,22631,Windows11,23H2,198.18.0.20,tag-dev-primary,8829100000081,2026-05-28T06:00:00Z,2026-05-28T06:00:00Z,aad-noise-0078,Endpoint,Workstation,Workstation,AAD,,,Latitude 7440,Onboarded,Windows,10.0.22631,Dell,Active,0,,Normal,Low,0,DevMachine;AI-Tooling-ApprovedWithReview,MachineGroup:Engineering,,,,,,,hw-dev-noise-0078,,0,"{""AntivirusMode"":""Active"",""EDR"":""Enabled"",""NetworkProtection"":""BlockMode""}",22631.3527,DeviceInfo
tenant-lab-001-a000-0000-0000-000000000001,"{""LastFullScan"":""2026-05-27T22:00:00Z""}",10.8240.28500.1000,dev-noise-0079,CS-LT-0079,obj-dev-noise-0079,1,"[{""UserName"":""user79"",""DomainName"":""creditsafe.com""}]",Corporate-Standard,64-bit,22631,Windows11,23H2,198.18.0.20,tag-dev-primary,8829100000082,2026-05-28T06:00:00Z,2026-05-28T06:00:00Z,aad-noise-0079,Endpoint,Workstation,Workstation,AAD,,,Latitude 7440,Onboarded,Windows,10.0.22631,Dell,Active,0,,Normal,Low,0,DevMachine;AI-Tooling-ApprovedWithReview,MachineGroup:Engineering,,,,,,,hw-dev-noise-0079,,0,"{""AntivirusMode"":""Active"",""EDR"":""Enabled"",""NetworkProtection"":""BlockMode""}",22631.3527,DeviceInfo
tenant-lab-001-a000-0000-0000-000000000001,"{""LastFullScan"":""2026-05-27T22:00:00Z""}",10.8240.28500.1000,dev-noise-0080,CS-LT-0080,obj-dev-noise-0080,1,"[{""UserName"":""user80"",""DomainName"":""creditsafe.com""}]",Corporate-Standard,64-bit,22631,Windows11,23H2,198.18.0.20,tag-dev-primary,8829100000083,2026-05-28T06:00:00Z,2026-05-28T06:00:00Z,aad-noise-0080,Endpoint,Workstation,Workstation,AAD,,,Latitude 7440,Onboarded,Windows,10.0.22631,Dell,Active,0,,Normal,Low,0,DevMachine;AI-Tooling-ApprovedWithReview,MachineGroup:Engineering,,,,,,,hw-dev-noise-0080,,0,"{""AntivirusMode"":""Active"",""EDR"":""Enabled"",""NetworkProtection"":""BlockMode""}",22631.3527,DeviceInfo
tenant-lab-001-a000-0000-0000-000000000001,"{""LastFullScan"":""2026-05-27T22:00:00Z""}",10.8240.28500.1000,dev-noise-0081,CS-LT-0081,obj-dev-noise-0081,1,"[{""UserName"":""user81"",""DomainName"":""creditsafe.com""}]",Corporate-Standard,64-bit,22631,Windows11,23H2,198.18.0.20,tag-dev-primary,8829100000084,2026-05-28T06:00:00Z,2026-05-28T06:00:00Z,aad-noise-0081,Endpoint,Workstation,Workstation,AAD,,,Latitude 7440,Onboarded,Windows,10.0.22631,Dell,Active,0,,Normal,Low,0,DevMachine;AI-Tooling-ApprovedWithReview,MachineGroup:Engineering,,,,,,,hw-dev-noise-0081,,0,"{""AntivirusMode"":""Active"",""EDR"":""Enabled"",""NetworkProtection"":""BlockMode""}",22631.3527,DeviceInfo
tenant-lab-001-a000-0000-0000-000000000001,"{""LastFullScan"":""2026-05-27T22:00:00Z""}",10.8240.28500.1000,dev-noise-0082,CS-LT-0082,obj-dev-noise-0082,1,"[{""UserName"":""user82"",""DomainName"":""creditsafe.com""}]",Corporate-Standard,64-bit,22631,Windows11,23H2,198.18.0.20,tag-dev-primary,8829100000085,2026-05-28T06:00:00Z,2026-05-28T06:00:00Z,aad-noise-0082,Endpoint,Workstation,Workstation,AAD,,,Latitude 7440,Onboarded,Windows,10.0.22631,Dell,Active,0,,Normal,Low,0,DevMachine;AI-Tooling-ApprovedWithReview,MachineGroup:Engineering,,,,,,,hw-dev-noise-0082,,0,"{""AntivirusMode"":""Active"",""EDR"":""Enabled"",""NetworkProtection"":""BlockMode""}",22631.3527,DeviceInfo
tenant-lab-001-a000-0000-0000-000000000001,"{""LastFullScan"":""2026-05-27T22:00:00Z""}",10.8240.28500.1000,dev-noise-0083,CS-LT-0083,obj-dev-noise-0083,1,"[{""UserName"":""user83"",""DomainName"":""creditsafe.com""}]",Corporate-Standard,64-bit,22631,Windows11,23H2,198.18.0.20,tag-dev-primary,8829100000086,2026-05-28T06:00:00Z,2026-05-28T06:00:00Z,aad-noise-0083,Endpoint,Workstation,Workstation,AAD,,,Latitude 7440,Onboarded,Windows,10.0.22631,Dell,Active,0,,Normal,Low,0,DevMachine;AI-Tooling-ApprovedWithReview,MachineGroup:Engineering,,,,,,,hw-dev-noise-0083,,0,"{""AntivirusMode"":""Active"",""EDR"":""Enabled"",""NetworkProtection"":""BlockMode""}",22631.3527,DeviceInfo
tenant-lab-001-a000-0000-0000-000000000001,"{""LastFullScan"":""2026-05-27T22:00:00Z""}",10.8240.28500.1000,dev-noise-0084,CS-LT-0084,obj-dev-noise-0084,1,"[{""UserName"":""user84"",""DomainName"":""creditsafe.com""}]",Corporate-Standard,64-bit,22631,Windows11,23H2,198.18.0.20,tag-dev-primary,8829100000087,2026-05-28T06:00:00Z,2026-05-28T06:00:00Z,aad-noise-0084,Endpoint,Workstation,Workstation,AAD,,,Latitude 7440,Onboarded,Windows,10.0.22631,Dell,Active,0,,Normal,Low,0,DevMachine;AI-Tooling-ApprovedWithReview,MachineGroup:Engineering,,,,,,,hw-dev-noise-0084,,0,"{""AntivirusMode"":""Active"",""EDR"":""Enabled"",""NetworkProtection"":""BlockMode""}",22631.3527,DeviceInfo
tenant-lab-001-a000-0000-0000-000000000001,"{""LastFullScan"":""2026-05-27T22:00:00Z""}",10.8240.28500.1000,dev-noise-0085,CS-LT-0085,obj-dev-noise-0085,1,"[{""UserName"":""user85"",""DomainName"":""creditsafe.com""}]",Corporate-Standard,64-bit,22631,Windows11,23H2,198.18.0.20,tag-dev-primary,8829100000088,2026-05-28T06:00:00Z,2026-05-28T06:00:00Z,aad-noise-0085,Endpoint,Workstation,Workstation,AAD,,,Latitude 7440,Onboarded,Windows,10.0.22631,Dell,Active,0,,Normal,Low,0,DevMachine;AI-Tooling-ApprovedWithReview,MachineGroup:Engineering,,,,,,,hw-dev-noise-0085,,0,"{""AntivirusMode"":""Active"",""EDR"":""Enabled"",""NetworkProtection"":""BlockMode""}",22631.3527,DeviceInfo
tenant-lab-001-a000-0000-0000-000000000001,"{""LastFullScan"":""2026-05-27T22:00:00Z""}",10.8240.28500.1000,dev-noise-0086,CS-LT-0086,obj-dev-noise-0086,1,"[{""UserName"":""user86"",""DomainName"":""creditsafe.com""}]",Corporate-Standard,64-bit,22631,Windows11,23H2,198.18.0.20,tag-dev-primary,8829100000089,2026-05-28T06:00:00Z,2026-05-28T06:00:00Z,aad-noise-0086,Endpoint,Workstation,Workstation,AAD,,,Latitude 7440,Onboarded,Windows,10.0.22631,Dell,Active,0,,Normal,Low,0,DevMachine;AI-Tooling-ApprovedWithReview,MachineGroup:Engineering,,,,,,,hw-dev-noise-0086,,0,"{""AntivirusMode"":""Active"",""EDR"":""Enabled"",""NetworkProtection"":""BlockMode""}",22631.3527,DeviceInfo
tenant-lab-001-a000-0000-0000-000000000001,"{""LastFullScan"":""2026-05-27T22:00:00Z""}",10.8240.28500.1000,dev-noise-0087,CS-LT-0087,obj-dev-noise-0087,1,"[{""UserName"":""user87"",""DomainName"":""creditsafe.com""}]",Corporate-Standard,64-bit,22631,Windows11,23H2,198.18.0.20,tag-dev-primary,8829100000090,2026-05-28T06:00:00Z,2026-05-28T06:00:00Z,aad-noise-0087,Endpoint,Workstation,Workstation,AAD,,,Latitude 7440,Onboarded,Windows,10.0.22631,Dell,Active,0,,Normal,Low,0,DevMachine;AI-Tooling-ApprovedWithReview,MachineGroup:Engineering,,,,,,,hw-dev-noise-0087,,0,"{""AntivirusMode"":""Active"",""EDR"":""Enabled"",""NetworkProtection"":""BlockMode""}",22631.3527,DeviceInfo
tenant-lab-001-a000-0000-0000-000000000001,"{""LastFullScan"":""2026-05-27T22:00:00Z""}",10.8240.28500.1000,dev-noise-0088,CS-LT-0088,obj-dev-noise-0088,1,"[{""UserName"":""user88"",""DomainName"":""creditsafe.com""}]",Corporate-Standard,64-bit,22631,Windows11,23H2,198.18.0.20,tag-dev-primary,8829100000091,2026-05-28T06:00:00Z,2026-05-28T06:00:00Z,aad-noise-0088,Endpoint,Workstation,Workstation,AAD,,,Latitude 7440,Onboarded,Windows,10.0.22631,Dell,Active,0,,Normal,Low,0,DevMachine;AI-Tooling-ApprovedWithReview,MachineGroup:Engineering,,,,,,,hw-dev-noise-0088,,0,"{""AntivirusMode"":""Active"",""EDR"":""Enabled"",""NetworkProtection"":""BlockMode""}",22631.3527,DeviceInfo
tenant-lab-001-a000-0000-0000-000000000001,"{""LastFullScan"":""2026-05-27T22:00:00Z""}",10.8240.28500.1000,dev-noise-0089,CS-LT-0089,obj-dev-noise-0089,1,"[{""UserName"":""user89"",""DomainName"":""creditsafe.com""}]",Corporate-Standard,64-bit,22631,Windows11,23H2,198.18.0.20,tag-dev-primary,8829100000092,2026-05-28T06:00:00Z,2026-05-28T06:00:00Z,aad-noise-0089,Endpoint,Workstation,Workstation,AAD,,,Latitude 7440,Onboarded,Windows,10.0.22631,Dell,Active,0,,Normal,Low,0,DevMachine;AI-Tooling-ApprovedWithReview,MachineGroup:Engineering,,,,,,,hw-dev-noise-0089,,0,"{""AntivirusMode"":""Active"",""EDR"":""Enabled"",""NetworkProtection"":""BlockMode""}",22631.3527,DeviceInfo
tenant-lab-001-a000-0000-0000-000000000001,"{""LastFullScan"":""2026-05-27T22:00:00Z""}",10.8240.28500.1000,dev-noise-0090,CS-LT-0090,obj-dev-noise-0090,1,"[{""UserName"":""user90"",""DomainName"":""creditsafe.com""}]",Corporate-Standard,64-bit,22631,Windows11,23H2,198.18.0.20,tag-dev-primary,8829100000093,2026-05-28T06:00:00Z,2026-05-28T06:00:00Z,aad-noise-0090,Endpoint,Workstation,Workstation,AAD,,,Latitude 7440,Onboarded,Windows,10.0.22631,Dell,Active,0,,Normal,Low,0,DevMachine;AI-Tooling-ApprovedWithReview,MachineGroup:Engineering,,,,,,,hw-dev-noise-0090,,0,"{""AntivirusMode"":""Active"",""EDR"":""Enabled"",""NetworkProtection"":""BlockMode""}",22631.3527,DeviceInfo
tenant-lab-001-a000-0000-0000-000000000001,"{""LastFullScan"":""2026-05-27T22:00:00Z""}",10.8240.28500.1000,dev-noise-0091,CS-LT-0091,obj-dev-noise-0091,1,"[{""UserName"":""user91"",""DomainName"":""creditsafe.com""}]",Corporate-Standard,64-bit,22631,Windows11,23H2,198.18.0.20,tag-dev-primary,8829100000094,2026-05-28T06:00:00Z,2026-05-28T06:00:00Z,aad-noise-0091,Endpoint,Workstation,Workstation,AAD,,,Latitude 7440,Onboarded,Windows,10.0.22631,Dell,Active,0,,Normal,Low,0,DevMachine;AI-Tooling-ApprovedWithReview,MachineGroup:Engineering,,,,,,,hw-dev-noise-0091,,0,"{""AntivirusMode"":""Active"",""EDR"":""Enabled"",""NetworkProtection"":""BlockMode""}",22631.3527,DeviceInfo
tenant-lab-001-a000-0000-0000-000000000001,"{""LastFullScan"":""2026-05-27T22:00:00Z""}",10.8240.28500.1000,dev-noise-0092,CS-LT-0092,obj-dev-noise-0092,1,"[{""UserName"":""user92"",""DomainName"":""creditsafe.com""}]",Corporate-Standard,64-bit,22631,Windows11,23H2,198.18.0.20,tag-dev-primary,8829100000095,2026-05-28T06:00:00Z,2026-05-28T06:00:00Z,aad-noise-0092,Endpoint,Workstation,Workstation,AAD,,,Latitude 7440,Onboarded,Windows,10.0.22631,Dell,Active,0,,Normal,Low,0,DevMachine;AI-Tooling-ApprovedWithReview,MachineGroup:Engineering,,,,,,,hw-dev-noise-0092,,0,"{""AntivirusMode"":""Active"",""EDR"":""Enabled"",""NetworkProtection"":""BlockMode""}",22631.3527,DeviceInfo
tenant-lab-001-a000-0000-0000-000000000001,"{""LastFullScan"":""2026-05-27T22:00:00Z""}",10.8240.28500.1000,dev-noise-0093,CS-LT-0093,obj-dev-noise-0093,1,"[{""UserName"":""user93"",""DomainName"":""creditsafe.com""}]",Corporate-Standard,64-bit,22631,Windows11,23H2,198.18.0.20,tag-dev-primary,8829100000096,2026-05-28T06:00:00Z,2026-05-28T06:00:00Z,aad-noise-0093,Endpoint,Workstation,Workstation,AAD,,,Latitude 7440,Onboarded,Windows,10.0.22631,Dell,Active,0,,Normal,Low,0,DevMachine;AI-Tooling-ApprovedWithReview,MachineGroup:Engineering,,,,,,,hw-dev-noise-0093,,0,"{""AntivirusMode"":""Active"",""EDR"":""Enabled"",""NetworkProtection"":""BlockMode""}",22631.3527,DeviceInfo
tenant-lab-001-a000-0000-0000-000000000001,"{""LastFullScan"":""2026-05-27T22:00:00Z""}",10.8240.28500.1000,dev-noise-0094,CS-LT-0094,obj-dev-noise-0094,1,"[{""UserName"":""user94"",""DomainName"":""creditsafe.com""}]",Corporate-Standard,64-bit,22631,Windows11,23H2,198.18.0.20,tag-dev-primary,8829100000097,2026-05-28T06:00:00Z,2026-05-28T06:00:00Z,aad-noise-0094,Endpoint,Workstation,Workstation,AAD,,,Latitude 7440,Onboarded,Windows,10.0.22631,Dell,Active,0,,Normal,Low,0,DevMachine;AI-Tooling-ApprovedWithReview,MachineGroup:Engineering,,,,,,,hw-dev-noise-0094,,0,"{""AntivirusMode"":""Active"",""EDR"":""Enabled"",""NetworkProtection"":""BlockMode""}",22631.3527,DeviceInfo
tenant-lab-001-a000-0000-0000-000000000001,"{""LastFullScan"":""2026-05-27T22:00:00Z""}",10.8240.28500.1000,dev-noise-0095,CS-LT-0095,obj-dev-noise-0095,1,"[{""UserName"":""user95"",""DomainName"":""creditsafe.com""}]",Corporate-Standard,64-bit,22631,Windows11,23H2,198.18.0.20,tag-dev-primary,8829100000098,2026-05-28T06:00:00Z,2026-05-28T06:00:00Z,aad-noise-0095,Endpoint,Workstation,Workstation,AAD,,,Latitude 7440,Onboarded,Windows,10.0.22631,Dell,Active,0,,Normal,Low,0,DevMachine;AI-Tooling-ApprovedWithReview,MachineGroup:Engineering,,,,,,,hw-dev-noise-0095,,0,"{""AntivirusMode"":""Active"",""EDR"":""Enabled"",""NetworkProtection"":""BlockMode""}",22631.3527,DeviceInfo
tenant-lab-001-a000-0000-0000-000000000001,"{""LastFullScan"":""2026-05-27T22:00:00Z""}",10.8240.28500.1000,dev-noise-0096,CS-LT-0096,obj-dev-noise-0096,1,"[{""UserName"":""user96"",""DomainName"":""creditsafe.com""}]",Corporate-Standard,64-bit,22631,Windows11,23H2,198.18.0.20,tag-dev-primary,8829100000099,2026-05-28T06:00:00Z,2026-05-28T06:00:00Z,aad-noise-0096,Endpoint,Workstation,Workstation,AAD,,,Latitude 7440,Onboarded,Windows,10.0.22631,Dell,Active,0,,Normal,Low,0,DevMachine;AI-Tooling-ApprovedWithReview,MachineGroup:Engineering,,,,,,,hw-dev-noise-0096,,0,"{""AntivirusMode"":""Active"",""EDR"":""Enabled"",""NetworkProtection"":""BlockMode""}",22631.3527,DeviceInfo
tenant-lab-001-a000-0000-0000-000000000001,"{""LastFullScan"":""2026-05-27T22:00:00Z""}",10.8240.28500.1000,dev-noise-0097,CS-LT-0097,obj-dev-noise-0097,1,"[{""UserName"":""user97"",""DomainName"":""creditsafe.com""}]",Corporate-Standard,64-bit,22631,Windows11,23H2,198.18.0.20,tag-dev-primary,8829100000100,2026-05-28T06:00:00Z,2026-05-28T06:00:00Z,aad-noise-0097,Endpoint,Workstation,Workstation,AAD,,,Latitude 7440,Onboarded,Windows,10.0.22631,Dell,Active,0,,Normal,Low,0,DevMachine;AI-Tooling-ApprovedWithReview,MachineGroup:Engineering,,,,,,,hw-dev-noise-0097,,0,"{""AntivirusMode"":""Active"",""EDR"":""Enabled"",""NetworkProtection"":""BlockMode""}",22631.3527,DeviceInfo
tenant-lab-001-a000-0000-0000-000000000001,"{""LastFullScan"":""2026-05-27T22:00:00Z""}",10.8240.28500.1000,dev-noise-0098,CS-LT-0098,obj-dev-noise-0098,1,"[{""UserName"":""user98"",""DomainName"":""creditsafe.com""}]",Corporate-Standard,64-bit,22631,Windows11,23H2,198.18.0.20,tag-dev-primary,8829100000101,2026-05-28T06:00:00Z,2026-05-28T06:00:00Z,aad-noise-0098,Endpoint,Workstation,Workstation,AAD,,,Latitude 7440,Onboarded,Windows,10.0.22631,Dell,Active,0,,Normal,Low,0,DevMachine;AI-Tooling-ApprovedWithReview,MachineGroup:Engineering,,,,,,,hw-dev-noise-0098,,0,"{""AntivirusMode"":""Active"",""EDR"":""Enabled"",""NetworkProtection"":""BlockMode""}",22631.3527,DeviceInfo
tenant-lab-001-a000-0000-0000-000000000001,"{""LastFullScan"":""2026-05-27T22:00:00Z""}",10.8240.28500.1000,dev-noise-0099,CS-LT-0099,obj-dev-noise-0099,1,"[{""UserName"":""user99"",""DomainName"":""creditsafe.com""}]",Corporate-Standard,64-bit,22631,Windows11,23H2,198.18.0.20,tag-dev-primary,8829100000102,2026-05-28T06:00:00Z,2026-05-28T06:00:00Z,aad-noise-0099,Endpoint,Workstation,Workstation,AAD,,,Latitude 7440,Onboarded,Windows,10.0.22631,Dell,Active,0,,Normal,Low,0,DevMachine;AI-Tooling-ApprovedWithReview,MachineGroup:Engineering,,,,,,,hw-dev-noise-0099,,0,"{""AntivirusMode"":""Active"",""EDR"":""Enabled"",""NetworkProtection"":""BlockMode""}",22631.3527,DeviceInfo
